STATION_ID,DIRECTION,STOP_NAME,STATION_NAME,ADA,RED,BLUE,GRN,BRN,PURP,PURPExp,YEL,PINK,ORNG
40830,E,18th (Loop-bound),18th (Pink Line),TRUE,FALSE,FALSE,FALSE,FALSE,FALSE,FALSE,FALSE,TRUE,FALSE
40830,W,18th (54th/Cermak-bound),18th (Pink Line),TRUE,FALSE,FALSE,FALSE,FALSE,FALSE,FALSE,FALSE,TRUE,FALSE
40120,N,35th/Archer (Loop-bound),35th/Archer (Orange Line),TRUE,FALSE,FALSE,FALSE,FALSE,FALSE,FALSE,FALSE,FALSE,TRUE
40120,S,35th/Archer (Midway-bound),35th/Archer (Orange Line),TRUE,FALSE,FALSE,FALSE,FALSE,FALSE,FALSE,FALSE,FALSE,TRUE
41120,N,35-Bronzeville-IIT (Harlem-bound),35th-Bronzeville-IIT (Green Line),TRUE,FALSE,FALSE,TRUE,FALSE,FALSE,FALSE,FALSE,FALSE,FALSE
41120,S,35-Bronzeville-IIT (63rd-bound),35th-Bronzeville-IIT (Green Line),TRUE,FALSE,FALSE,TRUE,FALSE,FALSE,FALSE,FALSE,FALSE,FALSE
41270,N,43rd (Harlem-bound),43rd (Green Line),TRUE,FALSE,FALSE,TRUE,FALSE,FALSE,FALSE,FALSE,FALSE,FALSE
41270,S,43rd (63rd-bound),43rd (Green Line),TRUE,FALSE,FALSE,TRUE,FALSE,FALSE,FALSE,FALSE,FALSE,FALSE
41080,S,47th (63rd-bound),47th (Green Line),TRUE,FALSE,FALSE,TRUE,FALSE,FALSE,FALSE,FALSE,FALSE,FALSE
41230,N,47th (Howard-bound),47th (Red Line),TRUE,TRUE,FALSE,FALSE,FALSE,FALSE,FALSE,FALSE,FALSE,FALSE
41080,N,47th (Harlem-bound),47th (Green Line),TRUE,FALSE,FALSE,TRUE,FALSE,FALSE,FALSE,FALSE,FALSE,FALSE
41230,S,47th (95th-bound),47th (Red Line),TRUE,TRUE,FALSE,FALSE,FALSE,FALSE,FALSE,FALSE,FALSE,FALSE
40130,N,51st (Harlem-bound),51st (Green Line),TRUE,FALSE,FALSE,TRUE,FALSE,FALSE,FALSE,FALSE,FALSE,FALSE
40130,S,51st (63rd-bound),51st (Green Line),TRUE,FALSE,FALSE,TRUE,FALSE,FALSE,FALSE,FALSE,FALSE,FALSE
40580,E,54th/Cermak (Loop-bound),54th/Cermak (Pink Line),TRUE,FALSE,FALSE,FALSE,FALSE,FALSE,FALSE,FALSE,TRUE,FALSE
40580,W,54th/Cermak (Terminal arrival),54th/Cermak (Pink Line),TRUE,FALSE,FALSE,FALSE,FALSE,FALSE,FALSE,FALSE,TRUE,FALSE
40910,N,63rd (Howard-bound),63rd (Red Line),TRUE,TRUE,FALSE,FALSE,FALSE,FALSE,FALSE,FALSE,FALSE,FALSE
40910,S,63rd (95th-bound),63rd (Red Line),TRUE,TRUE,FALSE,FALSE,FALSE,FALSE,FALSE,FALSE,FALSE,FALSE
40990,N,69th (Howard-bound),69th (Red Line),TRUE,TRUE,FALSE,FALSE,FALSE,FALSE,FALSE,FALSE,FALSE,FALSE
40990,S,69th (95th-bound),69th (Red Line),TRUE,TRUE,FALSE,FALSE,FALSE,FALSE,FALSE,FALSE,FALSE,FALSE
40240,N,79th (Howard-bound),79th (Red Line),TRUE,TRUE,FALSE,FALSE,FALSE,FALSE,FALSE,FALSE,FALSE,FALSE
40240,S,79th (95th-bound),79th (Red Line),TRUE,TRUE,FALSE,FALSE,FALSE,FALSE,FALSE,FALSE,FALSE,FALSE
41430,N,87th (Howard-bound),87th (Red Line),TRUE,TRUE,FALSE,FALSE,FALSE,FALSE,FALSE,FALSE,FALSE,FALSE
41430,S,87th (95th-bound),87th (Red Line),TRUE,TRUE,FALSE,FALSE,FALSE,FALSE,FALSE,FALSE,FALSE,FALSE
40450,S,95th/Dan Ryan (95th-bound),95th/Dan Ryan (Red Line),TRUE,TRUE,FALSE,FALSE,FALSE,FALSE,FALSE,FALSE,FALSE,FALSE
40450,N,95th/Dan Ryan (Howard-bound),95th/Dan Ryan (Red Line),TRUE,TRUE,FALSE,FALSE,FALSE,FALSE,FALSE,FALSE,FALSE,FALSE
40680,S,Adams/Wabash (Inner Loop),Adams/Wabash (Brown; Green; Orange; Pink & Purple Lines),FALSE,FALSE,FALSE,TRUE,FALSE,FALSE,TRUE,FALSE,TRUE,TRUE
40680,N,Adams/Wabash (Outer Loop),Adams/Wabash (Brown; Green; Orange; Pink & Purple Lines),FALSE,FALSE,FALSE,TRUE,TRUE,FALSE,FALSE,FALSE,FALSE,FALSE
41240,S,Addison (Forest Pk-bound),Addison (Blue Line),FALSE,FALSE,TRUE,FALSE,FALSE,FALSE,FALSE,FALSE,FALSE,FALSE
41440,N,Addison (Kimball-bound),Addison (Brown Line),TRUE,FALSE,FALSE,FALSE,TRUE,FALSE,FALSE,FALSE,FALSE,FALSE
41420,S,Addison (95th-bound),Addison (Red Line),TRUE,TRUE,FALSE,FALSE,FALSE,FALSE,FALSE,FALSE,FALSE,FALSE
41440,S,Addison (Loop-bound),Addison (Brown Line),TRUE,FALSE,FALSE,FALSE,TRUE,FALSE,FALSE,FALSE,FALSE,FALSE
41420,N,Addison (Howard-bound),Addison (Red Line),TRUE,TRUE,FALSE,FALSE,FALSE,FALSE,FALSE,FALSE,FALSE,FALSE
41240,N,Addison (O'Hare-bound),Addison (Blue Line),FALSE,FALSE,TRUE,FALSE,FALSE,FALSE,FALSE,FALSE,FALSE,FALSE
41200,N,Argyle (Howard-bound),Argyle (Red Line),FALSE,TRUE,FALSE,FALSE,FALSE,FALSE,FALSE,FALSE,FALSE,FALSE
41200,S,Argyle (95th-bound),Argyle (Red Line),FALSE,TRUE,FALSE,FALSE,FALSE,FALSE,FALSE,FALSE,FALSE,FALSE
40660,S,Armitage (Loop-bound),Armitage (Brown & Purple Lines),TRUE,FALSE,FALSE,FALSE,TRUE,FALSE,TRUE,FALSE,FALSE,FALSE
40660,N,Armitage (Kimball-Linden-bound),Armitage (Brown & Purple Lines),TRUE,FALSE,FALSE,FALSE,TRUE,FALSE,TRUE,FALSE,FALSE,FALSE
41060,N,Ashland (Loop-bound),Ashland (Orange Line),TRUE,FALSE,FALSE,FALSE,FALSE,FALSE,FALSE,FALSE,FALSE,TRUE
40170,E,Ashland (Loop-63rd-bound),Ashland (Green & Pink Lines),TRUE,FALSE,FALSE,TRUE,FALSE,FALSE,FALSE,FALSE,TRUE,FALSE
40170,W,Ashland (Harlem-54th/Cermak-bound),Ashland (Green & Pink Lines),TRUE,FALSE,FALSE,TRUE,FALSE,FALSE,FALSE,FALSE,TRUE,FALSE
41060,S,Ashland (Midway-bound),Ashland (Orange Line),TRUE,FALSE,FALSE,FALSE,FALSE,FALSE,FALSE,FALSE,FALSE,TRUE
40290,W,Ashland/63rd (Terminal arrival),Ashland/63rd (Green Line),TRUE,FALSE,FALSE,TRUE,FALSE,FALSE,FALSE,FALSE,FALSE,FALSE
40290,E,Ashland/63rd (Harlem-bound),Ashland/63rd (Green Line),TRUE,FALSE,FALSE,TRUE,FALSE,FALSE,FALSE,FALSE,FALSE,FALSE
40010,E,Austin (O'Hare-bound),Austin (Blue Line),FALSE,FALSE,TRUE,FALSE,FALSE,FALSE,FALSE,FALSE,FALSE,FALSE
40010,W,Austin (Forest Pk-bound),Austin (Blue Line),FALSE,FALSE,TRUE,FALSE,FALSE,FALSE,FALSE,FALSE,FALSE,FALSE
41260,E,Austin (63rd-bound),Austin (Green Line),FALSE,FALSE,FALSE,TRUE,FALSE,FALSE,FALSE,FALSE,FALSE,FALSE
41260,W,Austin (Harlem-bound),Austin (Green Line),FALSE,FALSE,FALSE,TRUE,FALSE,FALSE,FALSE,FALSE,FALSE,FALSE
41320,S,Belmont (Loop-bound),Belmont (Red; Brown & Purple Lines),TRUE,FALSE,FALSE,FALSE,TRUE,FALSE,TRUE,FALSE,FALSE,FALSE
40060,S,Belmont (O'Hare Branch) (Forest Pk-bound),Belmont (Blue Line),FALSE,FALSE,TRUE,FALSE,FALSE,FALSE,FALSE,FALSE,FALSE,FALSE
40060,N,Belmont (O'Hare Branch) (O'Hare-bound),Belmont (Blue Line),FALSE,FALSE,TRUE,FALSE,FALSE,FALSE,FALSE,FALSE,FALSE,FALSE
41320,S,Belmont (95th-bound),Belmont (Red; Brown & Purple Lines),TRUE,TRUE,FALSE,FALSE,FALSE,FALSE,FALSE,FALSE,FALSE,FALSE
41320,N,Belmont (Howard-bound),Belmont (Red; Brown & Purple Lines),TRUE,TRUE,FALSE,FALSE,FALSE,FALSE,FALSE,FALSE,FALSE,FALSE
41320,N,Belmont (Kimball-Linden-bound),Belmont (Red; Brown & Purple Lines),TRUE,FALSE,FALSE,FALSE,TRUE,FALSE,TRUE,FALSE,FALSE,FALSE
40340,S,Berwyn (95th-bound),Berwyn (Red Line),FALSE,TRUE,FALSE,FALSE,FALSE,FALSE,FALSE,FALSE,FALSE,FALSE
40340,N,Berwyn (Howard-bound),Berwyn (Red Line),FALSE,TRUE,FALSE,FALSE,FALSE,FALSE,FALSE,FALSE,FALSE,FALSE
41380,N,Bryn Mawr (Howard-bound),Bryn Mawr (Red Line),FALSE,TRUE,FALSE,FALSE,FALSE,FALSE,FALSE,FALSE,FALSE,FALSE
41380,S,Bryn Mawr (95th-bound),Bryn Mawr (Red Line),FALSE,TRUE,FALSE,FALSE,FALSE,FALSE,FALSE,FALSE,FALSE,FALSE
40440,E,California (Loop-bound),California (Pink Line),TRUE,FALSE,FALSE,FALSE,FALSE,FALSE,FALSE,FALSE,TRUE,FALSE
40440,W,California (54th/Cermak-bound),California (Pink Line),TRUE,FALSE,FALSE,FALSE,FALSE,FALSE,FALSE,FALSE,TRUE,FALSE
40570,N,California (O'Hare-bound),California (Blue Line),FALSE,FALSE,TRUE,FALSE,FALSE,FALSE,FALSE,FALSE,FALSE,FALSE
40570,S,California (Forest Pk-bound),California  (Blue Line),FALSE,FALSE,TRUE,FALSE,FALSE,FALSE,FALSE,FALSE,FALSE,FALSE
41360,W,California (Harlem-bound),California (Green Line),TRUE,FALSE,FALSE,TRUE,FALSE,FALSE,FALSE,FALSE,FALSE,FALSE
41360,E,California (63rd-bound),California (Green Line),TRUE,FALSE,FALSE,TRUE,FALSE,FALSE,FALSE,FALSE,FALSE,FALSE
41250,S,Central (Howard-Loop-bound),Central (Purple Line),FALSE,FALSE,FALSE,FALSE,FALSE,TRUE,TRUE,FALSE,FALSE,FALSE
41250,N,Central (Linden-bound),Central (Purple Line),FALSE,FALSE,FALSE,FALSE,FALSE,TRUE,TRUE,FALSE,FALSE,FALSE
40280,W,Central (Harlem-bound),Central (Green Line),TRUE,FALSE,FALSE,TRUE,FALSE,FALSE,FALSE,FALSE,FALSE,FALSE
40280,E,Central (63rd-bound),Central (Green Line),TRUE,FALSE,FALSE,TRUE,FALSE,FALSE,FALSE,FALSE,FALSE,FALSE
40780,E,Central Park (Loop-bound),Central Park (Pink Line),TRUE,FALSE,FALSE,FALSE,FALSE,FALSE,FALSE,FALSE,TRUE,FALSE
40780,W,Central Park (54th/Cermak-bound),Central Park (Pink Line),TRUE,FALSE,FALSE,FALSE,FALSE,FALSE,FALSE,FALSE,TRUE,FALSE
41000,S,Cermak-Chinatown (95th-bound),Cermak-Chinatown (Red Line),TRUE,TRUE,FALSE,FALSE,FALSE,FALSE,FALSE,FALSE,FALSE,FALSE
41000,N,Cermak-Chinatown (Howard-bound),Cermak-Chinatown (Red Line),TRUE,TRUE,FALSE,FALSE,FALSE,FALSE,FALSE,FALSE,FALSE,FALSE
41690,S,Cermak-McCormick Place (63rd-bound),Cermak-McCormick Place (Green Line),TRUE,FALSE,FALSE,TRUE,FALSE,FALSE,FALSE,FALSE,FALSE,FALSE
41690,N,Cermak-McCormick Place (Harlem-bound),Cermak-McCormick Place (Green Line),TRUE,FALSE,FALSE,TRUE,FALSE,FALSE,FALSE,FALSE,FALSE,FALSE
40710,S,Chicago (Loop-bound),Chicago (Brown & Purple Lines),TRUE,FALSE,FALSE,FALSE,TRUE,FALSE,TRUE,FALSE,FALSE,FALSE
41410,N,Chicago (O'Hare-bound),Chicago (Blue Line),FALSE,FALSE,TRUE,FALSE,FALSE,FALSE,FALSE,FALSE,FALSE,FALSE
41410,S,Chicago (Forest Pk-bound),Chicago (Blue Line),FALSE,FALSE,TRUE,FALSE,FALSE,FALSE,FALSE,FALSE,FALSE,FALSE
41450,N,Chicago (Howard-bound),Chicago (Red Line),TRUE,TRUE,FALSE,FALSE,FALSE,FALSE,FALSE,FALSE,FALSE,FALSE
41450,S,Chicago (95th-bound),Chicago (Red Line),TRUE,TRUE,FALSE,FALSE,FALSE,FALSE,FALSE,FALSE,FALSE,FALSE
40710,N,Chicago (Kimball-Linden-bound),Chicago (Brown & Purple Lines),TRUE,FALSE,FALSE,FALSE,TRUE,FALSE,TRUE,FALSE,FALSE,FALSE
40970,E,Cicero (O'Hare-bound),Cicero (Blue Line),FALSE,FALSE,TRUE,FALSE,FALSE,FALSE,FALSE,FALSE,FALSE,FALSE
40420,W,Cicero (54th/Cermak-bound),Cicero (Pink Line),TRUE,FALSE,FALSE,FALSE,FALSE,FALSE,FALSE,FALSE,TRUE,FALSE
40420,E,Cicero (Loop-bound),Cicero (Pink Line),TRUE,FALSE,FALSE,FALSE,FALSE,FALSE,FALSE,FALSE,TRUE,FALSE
40970,W,Cicero (Forest Pk-bound),Cicero (Blue Line),FALSE,FALSE,TRUE,FALSE,FALSE,FALSE,FALSE,FALSE,FALSE,FALSE
40480,W,Cicero (Harlem-bound),Cicero (Green Line),TRUE,FALSE,FALSE,TRUE,FALSE,FALSE,FALSE,FALSE,FALSE,FALSE
40480,E,Cicero (63rd-bound),Cicero (Green Line),TRUE,FALSE,FALSE,TRUE,FALSE,FALSE,FALSE,FALSE,FALSE,FALSE
40630,S,Clark/Division (95th-bound),Clark/Division (Red Line),FALSE,TRUE,FALSE,FALSE,FALSE,FALSE,FALSE,FALSE,FALSE,FALSE
40630,N,Clark/Division (Howard-bound),Clark/Division (Red Line),TRUE,TRUE,FALSE,FALSE,FALSE,FALSE,FALSE,FALSE,FALSE,FALSE
40380,E,Clark/Lake (Inner Loop),Clark/Lake (Blue; Brown; Green; Orange; Purple & Pink Lines),TRUE,FALSE,FALSE,TRUE,FALSE,FALSE,TRUE,FALSE,TRUE,TRUE
40380,W,Clark/Lake (Outer Loop),Clark/Lake (Blue; Brown; Green; Orange; Purple & Pink Lines),TRUE,FALSE,FALSE,TRUE,TRUE,FALSE,FALSE,FALSE,FALSE,FALSE
40380,S,Clark/Lake (Forest Pk-bound),Clark/Lake (Blue; Brown; Green; Orange; Purple & Pink Lines),TRUE,FALSE,TRUE,FALSE,FALSE,FALSE,FALSE,FALSE,FALSE,FALSE
40380,N,Clark/Lake (O'Hare-bound),Clark/Lake (Blue; Brown; Green; Orange; Purple & Pink Lines),TRUE,FALSE,TRUE,FALSE,FALSE,FALSE,FALSE,FALSE,FALSE,FALSE
41160,W,Clinton (Harlem-54th/Cermak-bound),Clinton (Green & Pink Lines),TRUE,FALSE,FALSE,TRUE,FALSE,FALSE,FALSE,FALSE,TRUE,FALSE
41160,E,Clinton (Loop-63rd-bound),Clinton (Green & Pink Lines),TRUE,FALSE,FALSE,TRUE,FALSE,FALSE,FALSE,FALSE,TRUE,FALSE
40430,W,Clinton (Forest Pk-bound),Clinton (Blue Line),FALSE,FALSE,TRUE,FALSE,FALSE,FALSE,FALSE,FALSE,FALSE,FALSE
40430,E,Clinton (O'Hare-bound),Clinton (Blue Line),FALSE,FALSE,TRUE,FALSE,FALSE,FALSE,FALSE,FALSE,FALSE,FALSE
41670,E,Conservatory (63rd-bound),Conservatory (Green Line),TRUE,FALSE,FALSE,TRUE,FALSE,FALSE,FALSE,FALSE,FALSE,FALSE
41670,W,Conservatory (Harlem-bound),Conservatory (Green Line),TRUE,FALSE,FALSE,TRUE,FALSE,FALSE,FALSE,FALSE,FALSE,FALSE
40720,W,Cottage Grove (Harlem-bound),Cottage Grove (Green Line),TRUE,FALSE,FALSE,TRUE,FALSE,FALSE,FALSE,FALSE,FALSE,FALSE
40720,E,Cottage Grove (Terminal arrival),Cottage Grove (Green Line),TRUE,FALSE,FALSE,TRUE,FALSE,FALSE,FALSE,FALSE,FALSE,FALSE
40230,N,Cumberland (O'Hare-bound),Cumberland (Blue Line),TRUE,FALSE,TRUE,FALSE,FALSE,FALSE,FALSE,FALSE,FALSE,FALSE
40230,S,Cumberland (Forest Pk-bound),Cumberland (Blue Line),TRUE,FALSE,TRUE,FALSE,FALSE,FALSE,FALSE,FALSE,FALSE,FALSE
40090,S,Damen (Loop-bound),Damen (Brown Line),TRUE,FALSE,FALSE,FALSE,TRUE,FALSE,FALSE,FALSE,FALSE,FALSE
40210,W,Damen (54th/Cermak-bound),Damen (Pink Line),TRUE,FALSE,FALSE,FALSE,FALSE,FALSE,FALSE,FALSE,TRUE,FALSE
40210,E,Damen (Loop-bound),Damen (Pink Line),TRUE,FALSE,FALSE,FALSE,FALSE,FALSE,FALSE,FALSE,TRUE,FALSE
40590,S,Damen/Milwaukee (Forest Pk-bound),Damen (Blue Line),FALSE,FALSE,TRUE,FALSE,FALSE,FALSE,FALSE,FALSE,FALSE,FALSE
40590,N,Damen/Milwaukee (O'Hare-bound),Damen (Blue Line),FALSE,FALSE,TRUE,FALSE,FALSE,FALSE,FALSE,FALSE,FALSE,FALSE
40090,N,Damen (Kimball-bound),Damen (Brown Line),TRUE,FALSE,FALSE,FALSE,TRUE,FALSE,FALSE,FALSE,FALSE,FALSE
40050,N,Davis (Linden-bound),Davis (Purple Line),TRUE,FALSE,FALSE,FALSE,FALSE,TRUE,TRUE,FALSE,FALSE,FALSE
40050,S,Davis (Howard-Loop-bound),Davis (Purple Line),TRUE,FALSE,FALSE,FALSE,FALSE,TRUE,TRUE,FALSE,FALSE,FALSE
40690,N,Dempster (Linden-bound),Dempster (Purple Line),FALSE,FALSE,FALSE,FALSE,FALSE,TRUE,TRUE,FALSE,FALSE,FALSE
40690,S,Dempster (Howard-Loop-bound),Dempster (Purple Line),FALSE,FALSE,FALSE,FALSE,FALSE,TRUE,TRUE,FALSE,FALSE,FALSE
40140,N,Dempster-Skokie (Arrival),Dempster-Skokie  (Yellow Line),TRUE,FALSE,FALSE,FALSE,FALSE,FALSE,FALSE,TRUE,FALSE,FALSE
40140,S,Dempster-Skokie (Howard-bound),Dempster-Skokie  (Yellow Line),TRUE,FALSE,FALSE,FALSE,FALSE,FALSE,FALSE,TRUE,FALSE,FALSE
40530,N,Diversey (Kimball-Linden-bound),Diversey (Brown & Purple Lines),TRUE,FALSE,FALSE,FALSE,TRUE,FALSE,TRUE,FALSE,FALSE,FALSE
40530,S,Diversey (Loop-bound),Diversey (Brown & Purple Lines),TRUE,FALSE,FALSE,FALSE,TRUE,FALSE,TRUE,FALSE,FALSE,FALSE
40320,N,Division (O'Hare-bound),Division (Blue Line),FALSE,FALSE,TRUE,FALSE,FALSE,FALSE,FALSE,FALSE,FALSE,FALSE
40320,S,Division (Forest Pk-bound),Division (Blue Line),FALSE,FALSE,TRUE,FALSE,FALSE,FALSE,FALSE,FALSE,FALSE,FALSE
40390,W,Forest Park (Terminal Arrival),Forest Park (Blue Line),TRUE,FALSE,TRUE,FALSE,FALSE,FALSE,FALSE,FALSE,FALSE,FALSE
40390,E,Forest Park (O'Hare-bound),Forest Park (Blue Line),TRUE,FALSE,TRUE,FALSE,FALSE,FALSE,FALSE,FALSE,FALSE,FALSE
40520,N,Foster (Linden-bound),Foster (Purple Line),FALSE,FALSE,FALSE,FALSE,FALSE,TRUE,TRUE,FALSE,FALSE,FALSE
40520,S,Foster (Howard-Loop-bound),Foster (Purple Line),FALSE,FALSE,FALSE,FALSE,FALSE,TRUE,TRUE,FALSE,FALSE,FALSE
40870,S,Francisco (Loop-bound),Francisco (Brown Line),TRUE,FALSE,FALSE,FALSE,TRUE,FALSE,FALSE,FALSE,FALSE,FALSE
40870,N,Francisco (Kimball-bound),Francisco (Brown Line),TRUE,FALSE,FALSE,FALSE,TRUE,FALSE,FALSE,FALSE,FALSE,FALSE
41220,S,Fullerton (95th-bound),Fullerton (Red; Brown & Purple Lines),TRUE,TRUE,FALSE,FALSE,FALSE,FALSE,FALSE,FALSE,FALSE,FALSE
41220,S,Fullerton (Loop-bound),Fullerton (Red; Brown & Purple Lines),TRUE,FALSE,FALSE,FALSE,TRUE,FALSE,TRUE,FALSE,FALSE,FALSE
41220,N,Fullerton (Kimball-Linden-bound),Fullerton (Red; Brown & Purple Lines),TRUE,FALSE,FALSE,FALSE,TRUE,FALSE,TRUE,FALSE,FALSE,FALSE
41220,N,Fullerton (Howard-bound),Fullerton (Red; Brown & Purple Lines),TRUE,TRUE,FALSE,FALSE,FALSE,FALSE,FALSE,FALSE,FALSE,FALSE
40510,S,Garfield (63rd-bound),Garfield (Green Line),TRUE,FALSE,FALSE,TRUE,FALSE,FALSE,FALSE,FALSE,FALSE,FALSE
41170,S,Garfield (95th-bound),Garfield (Red Line),TRUE,TRUE,FALSE,FALSE,FALSE,FALSE,FALSE,FALSE,FALSE,FALSE
41170,N,Garfield (Howard-bound),Garfield (Red Line),TRUE,TRUE,FALSE,FALSE,FALSE,FALSE,FALSE,FALSE,FALSE,FALSE
40510,N,Garfield (Harlem-bound),Garfield (Green Line),TRUE,FALSE,FALSE,TRUE,FALSE,FALSE,FALSE,FALSE,FALSE,FALSE
40490,S,Grand/Milwaukee (Forest Pk-bound),Grand (Blue Line),FALSE,FALSE,TRUE,FALSE,FALSE,FALSE,FALSE,FALSE,FALSE,FALSE
40330,N,Grand/State (Howard-bound),Grand (Red Line),TRUE,TRUE,FALSE,FALSE,FALSE,FALSE,FALSE,FALSE,FALSE,FALSE
40330,S,Grand/State (95th-bound),Grand (Red Line),TRUE,TRUE,FALSE,FALSE,FALSE,FALSE,FALSE,FALSE,FALSE,FALSE
40490,N,Grand/Milwaukee (O'Hare-bound),Grand (Blue Line),FALSE,FALSE,TRUE,FALSE,FALSE,FALSE,FALSE,FALSE,FALSE,FALSE
40760,S,Granville (95th-bound),Granville (Red Line),TRUE,TRUE,FALSE,FALSE,FALSE,FALSE,FALSE,FALSE,FALSE,FALSE
40760,N,Granville (Howard-bound),Granville (Red Line),TRUE,TRUE,FALSE,FALSE,FALSE,FALSE,FALSE,FALSE,FALSE,FALSE
40940,E,Halsted/63rd (Harlem-bound),Halsted (Green Line),TRUE,FALSE,FALSE,TRUE,FALSE,FALSE,FALSE,FALSE,FALSE,FALSE
41130,S,Halsted (Midway-bound),Halsted (Orange Line),TRUE,FALSE,FALSE,FALSE,FALSE,FALSE,FALSE,FALSE,FALSE,TRUE
40940,W,Halsted/63rd (Ashland-bound),Halsted (Green Line),TRUE,FALSE,FALSE,TRUE,FALSE,FALSE,FALSE,FALSE,FALSE,FALSE
41130,N,Halsted (Loop-bound),Halsted (Orange Line),TRUE,FALSE,FALSE,FALSE,FALSE,FALSE,FALSE,FALSE,FALSE,TRUE
40980,E,Harlem (Forest Pk Branch) (O'Hare-bound),Harlem (Blue Line - Forest Park Branch),FALSE,FALSE,TRUE,FALSE,FALSE,FALSE,FALSE,FALSE,FALSE,FALSE
40750,S,Harlem (O'Hare Branch) (Forest Pk-bound),Harlem (Blue Line - O'Hare Branch),TRUE,FALSE,TRUE,FALSE,FALSE,FALSE,FALSE,FALSE,FALSE,FALSE
40750,N,Harlem (O'Hare Branch) (O'Hare-bound),Harlem (Blue Line - O'Hare Branch),TRUE,FALSE,TRUE,FALSE,FALSE,FALSE,FALSE,FALSE,FALSE,FALSE
40980,W,Harlem (Forest Pk Branch) (Terminal arrival),Harlem (Blue Line - Forest Park Branch),FALSE,FALSE,TRUE,FALSE,FALSE,FALSE,FALSE,FALSE,FALSE,FALSE
40020,E,Harlem (63rd-bound),Harlem/Lake (Green Line),TRUE,FALSE,FALSE,TRUE,FALSE,FALSE,FALSE,FALSE,FALSE,FALSE
40020,W,Harlem (Terminal arrival),Harlem/Lake (Green Line),TRUE,FALSE,FALSE,TRUE,FALSE,FALSE,FALSE,FALSE,FALSE,FALSE
40850,E,H.W. Library (Outer Loop),Harold Washington Library-State/Van Buren (Brown; Orange; Purple & Pink Lines),TRUE,FALSE,FALSE,FALSE,TRUE,FALSE,FALSE,FALSE,FALSE,FALSE
40850,W,H.W. Library (Inner Loop),Harold Washington Library-State/Van Buren (Brown; Orange; Purple & Pink Lines),TRUE,FALSE,FALSE,FALSE,FALSE,FALSE,TRUE,FALSE,TRUE,TRUE
41490,S,Harrison (95th-bound),Harrison (Red Line),FALSE,TRUE,FALSE,FALSE,FALSE,FALSE,FALSE,FALSE,FALSE,FALSE
41490,N,Harrison (Howard-bound),Harrison (Red Line),FALSE,TRUE,FALSE,FALSE,FALSE,FALSE,FALSE,FALSE,FALSE,FALSE
40900,N,Howard (Terminal arrival),Howard (Red; Purple & Yellow Lines),TRUE,TRUE,FALSE,FALSE,FALSE,FALSE,FALSE,FALSE,FALSE,FALSE
40900,S,Howard (Terminal arrival),Howard (Red; Purple & Yellow Lines),TRUE,FALSE,FALSE,FALSE,FALSE,TRUE,TRUE,TRUE,FALSE,FALSE
40900,N,Howard (Linden & Skokie-bound),Howard (Red; Purple & Yellow Lines),TRUE,FALSE,FALSE,FALSE,FALSE,TRUE,TRUE,TRUE,FALSE,FALSE
40900,S,Howard (95th-Bound),Howard (Red; Purple & Yellow Lines),TRUE,TRUE,FALSE,FALSE,FALSE,FALSE,FALSE,FALSE,FALSE,FALSE
40810,E,Illinois Medical District (O'Hare-bound),Illinois Medical District (Blue Line),TRUE,FALSE,TRUE,FALSE,FALSE,FALSE,FALSE,FALSE,FALSE,FALSE
40810,W,Illinois Medical District (Forest Pk-bound),Illinois Medical District (Blue Line),TRUE,FALSE,TRUE,FALSE,FALSE,FALSE,FALSE,FALSE,FALSE,FALSE
40300,S,Indiana (63rd-bound),Indiana (Green Line),TRUE,FALSE,FALSE,TRUE,FALSE,FALSE,FALSE,FALSE,FALSE,FALSE
40300,N,Indiana (Harlem-bound),Indiana (Green Line),TRUE,FALSE,FALSE,TRUE,FALSE,FALSE,FALSE,FALSE,FALSE,FALSE
41460,S,Irving Park (Loop-bound),Irving Park (Brown Line),TRUE,FALSE,FALSE,FALSE,TRUE,FALSE,FALSE,FALSE,FALSE,FALSE
40550,N,Irving Park (O'Hare Branch) (O'Hare-bound),Irving Park (Blue Line),FALSE,FALSE,TRUE,FALSE,FALSE,FALSE,FALSE,FALSE,FALSE,FALSE
40550,S,Irving Park (O'Hare Branch) (Forest Pk-bound),Irving Park (Blue Line),FALSE,FALSE,TRUE,FALSE,FALSE,FALSE,FALSE,FALSE,FALSE,FALSE
41460,N,Irving Park (Kimball-bound),Irving Park (Brown Line),TRUE,FALSE,FALSE,FALSE,TRUE,FALSE,FALSE,FALSE,FALSE,FALSE
40070,N,Jackson/Dearborn (O'Hare-bound),Jackson (Blue Line),TRUE,FALSE,TRUE,FALSE,FALSE,FALSE,FALSE,FALSE,FALSE,FALSE
40560,S,Jackson/State (95th-bound),Jackson (Red Line),TRUE,TRUE,FALSE,FALSE,FALSE,FALSE,FALSE,FALSE,FALSE,FALSE
40560,N,Jackson/State (Howard-bound),Jackson (Red Line),TRUE,TRUE,FALSE,FALSE,FALSE,FALSE,FALSE,FALSE,FALSE,FALSE
40070,S,Jackson/Dearborn (Forest Pk-bound),Jackson (Blue Line),TRUE,FALSE,TRUE,FALSE,FALSE,FALSE,FALSE,FALSE,FALSE,FALSE
41190,N,Jarvis (Howard-bound),Jarvis (Red Line),FALSE,TRUE,FALSE,FALSE,FALSE,FALSE,FALSE,FALSE,FALSE,FALSE
41190,S,Jarvis (95th-bound),Jarvis (Red Line),FALSE,TRUE,FALSE,FALSE,FALSE,FALSE,FALSE,FALSE,FALSE,FALSE
41280,N,Jefferson Park (O'Hare-bound),Jefferson Park (Blue Line),TRUE,FALSE,TRUE,FALSE,FALSE,FALSE,FALSE,FALSE,FALSE,FALSE
41280,S,Jefferson Park (Forest Pk-bound),Jefferson Park (Blue Line),TRUE,FALSE,TRUE,FALSE,FALSE,FALSE,FALSE,FALSE,FALSE,FALSE
41180,S,Kedzie (Loop-bound),Kedzie (Brown Line),TRUE,FALSE,FALSE,FALSE,TRUE,FALSE,FALSE,FALSE,FALSE,FALSE
41150,N,Kedzie (Loop-bound),Kedzie (Orange Line),TRUE,FALSE,FALSE,FALSE,FALSE,FALSE,FALSE,FALSE,FALSE,TRUE
41150,S,Kedzie (Midway-bound),Kedzie (Orange Line),TRUE,FALSE,FALSE,FALSE,FALSE,FALSE,FALSE,FALSE,FALSE,TRUE
41040,W,Kedzie (54th/Cermak-bound),Kedzie (Pink Line),TRUE,FALSE,FALSE,FALSE,FALSE,FALSE,FALSE,FALSE,TRUE,FALSE
41040,E,Kedzie (Loop-bound),Kedzie (Pink Line),TRUE,FALSE,FALSE,FALSE,FALSE,FALSE,FALSE,FALSE,TRUE,FALSE
41180,N,Kedzie (Kimball-bound),Kedzie (Brown Line),TRUE,FALSE,FALSE,FALSE,TRUE,FALSE,FALSE,FALSE,FALSE,FALSE
41070,E,Kedzie (63rd-bound),Kedzie (Green Line),TRUE,FALSE,FALSE,TRUE,FALSE,FALSE,FALSE,FALSE,FALSE,FALSE
41070,W,Kedzie (Harlem-bound),Kedzie (Green Line),TRUE,FALSE,FALSE,TRUE,FALSE,FALSE,FALSE,FALSE,FALSE,FALSE
40250,W,Kedzie-Homan (Forest Pk-bound),Kedzie-Homan (Blue Line),TRUE,FALSE,TRUE,FALSE,FALSE,FALSE,FALSE,FALSE,FALSE,FALSE
40250,E,Kedzie-Homan (O'Hare-bound),Kedzie-Homan (Blue Line),TRUE,FALSE,TRUE,FALSE,FALSE,FALSE,FALSE,FALSE,FALSE,FALSE
41290,N,Kimball (Terminal arrival),Kimball (Brown Line),TRUE,FALSE,FALSE,FALSE,TRUE,FALSE,FALSE,FALSE,FALSE,FALSE
41290,S,Kimball (Loop-bound),Kimball (Brown Line),TRUE,FALSE,FALSE,FALSE,TRUE,FALSE,FALSE,FALSE,FALSE,FALSE
41140,E,King Drive (Cottage Grove-bound),King Drive (Green Line),TRUE,FALSE,FALSE,TRUE,FALSE,FALSE,FALSE,FALSE,FALSE,FALSE
41140,W,King Drive (Harlem-bound),King Drive (Green Line),TRUE,FALSE,FALSE,TRUE,FALSE,FALSE,FALSE,FALSE,FALSE,FALSE
40600,E,Kostner (Loop-bound),Kostner (Pink Line),TRUE,FALSE,FALSE,FALSE,FALSE,FALSE,FALSE,FALSE,TRUE,FALSE
40600,W,Kostner (54th/Cermak-bound),Kostner (Pink Line),TRUE,FALSE,FALSE,FALSE,FALSE,FALSE,FALSE,FALSE,TRUE,FALSE
41660,S,Lake (95th-bound),Lake (Red Line),TRUE,TRUE,FALSE,FALSE,FALSE,FALSE,FALSE,FALSE,FALSE,FALSE
41660,N,Lake (Howard-bound),Lake (Red Line),TRUE,TRUE,FALSE,FALSE,FALSE,FALSE,FALSE,FALSE,FALSE,FALSE
40700,E,Laramie (63rd-bound),Laramie (Green Line),TRUE,FALSE,FALSE,TRUE,FALSE,FALSE,FALSE,FALSE,FALSE,FALSE
40700,W,Laramie (Harlem-bound),Laramie (Green Line),TRUE,FALSE,FALSE,TRUE,FALSE,FALSE,FALSE,FALSE,FALSE,FALSE
41340,W,LaSalle (Forest Pk-bound),LaSalle (Blue Line),FALSE,FALSE,TRUE,FALSE,FALSE,FALSE,FALSE,FALSE,FALSE,FALSE
41340,E,LaSalle (O'Hare-bound),LaSalle (Blue Line),FALSE,FALSE,TRUE,FALSE,FALSE,FALSE,FALSE,FALSE,FALSE,FALSE
40160,E,LaSalle/Van Buren (Outer Loop),LaSalle/Van Buren (Brown; Orange; Purple & Pink Lines),FALSE,FALSE,FALSE,FALSE,TRUE,FALSE,FALSE,FALSE,FALSE,FALSE
40160,W,LaSalle/Van Buren (Inner Loop),LaSalle/Van Buren (Brown; Orange; Purple & Pink Lines),FALSE,FALSE,FALSE,FALSE,FALSE,FALSE,TRUE,FALSE,TRUE,TRUE
40770,N,Lawrence (Howard-bound),Lawrence (Red Line),FALSE,TRUE,FALSE,FALSE,FALSE,FALSE,FALSE,FALSE,FALSE,FALSE
40770,S,Lawrence (95th-bound),Lawrence (Red Line),FALSE,TRUE,FALSE,FALSE,FALSE,FALSE,FALSE,FALSE,FALSE,FALSE
41050,N,Linden (Linden-bound),Linden (Purple Line),TRUE,FALSE,FALSE,FALSE,FALSE,TRUE,TRUE,FALSE,FALSE,FALSE
41050,S,Linden (Howard-Loop-bound),Linden (Purple Line),TRUE,FALSE,FALSE,FALSE,FALSE,TRUE,TRUE,FALSE,FALSE,FALSE
41020,N,Logan Square (O'Hare-bound),Logan Square (Blue Line),TRUE,FALSE,TRUE,FALSE,FALSE,FALSE,FALSE,FALSE,FALSE,FALSE
41020,S,Logan Square (Forest Pk-bound),Logan Square (Blue Line),TRUE,FALSE,TRUE,FALSE,FALSE,FALSE,FALSE,FALSE,FALSE,FALSE
41300,N,Loyola (Howard-bound),Loyola (Red Line),TRUE,TRUE,FALSE,FALSE,FALSE,FALSE,FALSE,FALSE,FALSE,FALSE
41300,S,Loyola (95th-bound),Loyola (Red Line),TRUE,TRUE,FALSE,FALSE,FALSE,FALSE,FALSE,FALSE,FALSE,FALSE
40640,S,Madison/Wabash (Inner Loop),Madison/Wabash (Brown; Green; Orange; Pink & Purple Lines),FALSE,FALSE,FALSE,TRUE,FALSE,FALSE,TRUE,FALSE,TRUE,TRUE
40640,N,Madison/Wabash (Outer Loop),Madison/Wabash (Brown; Green; Orange; Pink & Purple Lines),FALSE,FALSE,FALSE,TRUE,TRUE,FALSE,FALSE,FALSE,FALSE,FALSE
40270,N,Main (Linden-bound),Main (Purple Line),FALSE,FALSE,FALSE,FALSE,FALSE,TRUE,TRUE,FALSE,FALSE,FALSE
40270,S,Main (Howard-Loop-bound),Main (Purple Line),FALSE,FALSE,FALSE,FALSE,FALSE,TRUE,TRUE,FALSE,FALSE,FALSE
40460,S,Merchandise Mart (Loop-bound),Merchandise Mart (Brown & Purple Lines),TRUE,FALSE,FALSE,FALSE,TRUE,FALSE,TRUE,FALSE,FALSE,FALSE
40460,N,Merchandise Mart (Kimball-Linden-bound),Merchandise Mart (Brown & Purple Lines),TRUE,FALSE,FALSE,FALSE,TRUE,FALSE,TRUE,FALSE,FALSE,FALSE
40930,S,Midway (Arrival),Midway (Orange Line),TRUE,FALSE,FALSE,FALSE,FALSE,FALSE,FALSE,FALSE,FALSE,TRUE
40930,N,Midway (Loop-bound),Midway (Orange Line),TRUE,FALSE,FALSE,FALSE,FALSE,FALSE,FALSE,FALSE,FALSE,TRUE
40790,N,Monroe (O'Hare-bound),Monroe (Blue Line),FALSE,FALSE,TRUE,FALSE,FALSE,FALSE,FALSE,FALSE,FALSE,FALSE
41090,N,Monroe (Howard-bound),Monroe (Red Line),FALSE,TRUE,FALSE,FALSE,FALSE,FALSE,FALSE,FALSE,FALSE,FALSE
41090,S,Monroe (95th-bound),Monroe (Red Line),FALSE,TRUE,FALSE,FALSE,FALSE,FALSE,FALSE,FALSE,FALSE,FALSE
40790,S,Monroe (Forest Pk-bound),Monroe (Blue Line),FALSE,FALSE,TRUE,FALSE,FALSE,FALSE,FALSE,FALSE,FALSE,FALSE
41330,S,Montrose (Forest Pk-bound),Montrose (Blue Line),FALSE,FALSE,TRUE,FALSE,FALSE,FALSE,FALSE,FALSE,FALSE,FALSE
41330,N,Montrose (O'Hare-bound),Montrose (Blue Line),FALSE,FALSE,TRUE,FALSE,FALSE,FALSE,FALSE,FALSE,FALSE,FALSE
41500,N,Montrose (Kimball-bound),Montrose (Brown Line),TRUE,FALSE,FALSE,FALSE,TRUE,FALSE,FALSE,FALSE,FALSE,FALSE
41500,S,Montrose (Loop-bound),Montrose (Brown Line),TRUE,FALSE,FALSE,FALSE,TRUE,FALSE,FALSE,FALSE,FALSE,FALSE
41510,W,Morgan (Harlem-54th/Cermak-bound),Morgan (Green & Pink Lines),TRUE,FALSE,FALSE,TRUE,FALSE,FALSE,FALSE,FALSE,TRUE,FALSE
41510,E,Morgan (Loop-63rd-bound),Morgan (Green & Pink Lines),TRUE,FALSE,FALSE,TRUE,FALSE,FALSE,FALSE,FALSE,TRUE,FALSE
40100,N,Morse (Howard-bound),Morse (Red Line),FALSE,TRUE,FALSE,FALSE,FALSE,FALSE,FALSE,FALSE,FALSE,FALSE
40100,S,Morse (95th-bound),Morse (Red Line),FALSE,TRUE,FALSE,FALSE,FALSE,FALSE,FALSE,FALSE,FALSE,FALSE
40650,N,North/Clybourn (Howard-bound),North/Clybourn (Red Line),FALSE,TRUE,FALSE,FALSE,FALSE,FALSE,FALSE,FALSE,FALSE,FALSE
40650,S,North/Clybourn (95th-bound),North/Clybourn (Red Line),FALSE,TRUE,FALSE,FALSE,FALSE,FALSE,FALSE,FALSE,FALSE,FALSE
40400,S,Noyes (Howard-Loop-bound),Noyes (Purple Line),FALSE,FALSE,FALSE,FALSE,FALSE,TRUE,TRUE,FALSE,FALSE,FALSE
40400,N,Noyes (Linden-bound),Noyes (Purple Line),FALSE,FALSE,FALSE,FALSE,FALSE,TRUE,TRUE,FALSE,FALSE,FALSE
41350,E,Oak Park (63rd-bound),Oak Park (Green Line),FALSE,FALSE,FALSE,TRUE,FALSE,FALSE,FALSE,FALSE,FALSE,FALSE
40180,W,Oak Park (Forest Pk-bound),Oak Park (Blue Line),FALSE,FALSE,TRUE,FALSE,FALSE,FALSE,FALSE,FALSE,FALSE,FALSE
40180,E,Oak Park (O'Hare-bound),Oak Park (Blue Line),FALSE,FALSE,TRUE,FALSE,FALSE,FALSE,FALSE,FALSE,FALSE,FALSE
41350,W,Oak Park (Harlem-bound),Oak Park (Green Line),FALSE,FALSE,FALSE,TRUE,FALSE,FALSE,FALSE,FALSE,FALSE,FALSE
41680,S,Oakton-Skokie (Howard-bound),Oakton-Skokie (Yellow Line),TRUE,FALSE,FALSE,FALSE,FALSE,FALSE,FALSE,TRUE,FALSE,FALSE
41680,N,Oakton-Skokie (Dempster-Skokie-bound),Oakton-Skokie (Yellow Line),TRUE,FALSE,FALSE,FALSE,FALSE,FALSE,FALSE,TRUE,FALSE,FALSE
40890,S,O'Hare (Forest Pk-bound),O'Hare (Blue Line),TRUE,FALSE,TRUE,FALSE,FALSE,FALSE,FALSE,FALSE,FALSE,FALSE
40890,N,O'Hare (Terminal Arrival),O'Hare (Blue Line),TRUE,FALSE,TRUE,FALSE,FALSE,FALSE,FALSE,FALSE,FALSE,FALSE
41310,S,Paulina (Loop-bound),Paulina (Brown Line),TRUE,FALSE,FALSE,FALSE,TRUE,FALSE,FALSE,FALSE,FALSE,FALSE
41310,N,Paulina (Kimball-bound),Paulina (Brown Line),TRUE,FALSE,FALSE,FALSE,TRUE,FALSE,FALSE,FALSE,FALSE,FALSE
41030,W,Polk (54th/Cermak-bound),Polk (Pink Line),TRUE,FALSE,FALSE,FALSE,FALSE,FALSE,FALSE,FALSE,TRUE,FALSE
41030,E,Polk (Loop-bound),Polk (Pink Line),TRUE,FALSE,FALSE,FALSE,FALSE,FALSE,FALSE,FALSE,TRUE,FALSE
40150,E,Pulaski (Loop-bound),Pulaski (Pink Line),TRUE,FALSE,FALSE,FALSE,FALSE,FALSE,FALSE,FALSE,TRUE,FALSE
40960,N,Pulaski (Loop-bound),Pulaski (Orange Line),TRUE,FALSE,FALSE,FALSE,FALSE,FALSE,FALSE,FALSE,FALSE,TRUE
40960,S,Pulaski (Midway-bound),Pulaski (Orange Line),TRUE,FALSE,FALSE,FALSE,FALSE,FALSE,FALSE,FALSE,FALSE,TRUE
40150,W,Pulaski (54th/Cermak-bound),Pulaski (Pink Line),TRUE,FALSE,FALSE,FALSE,FALSE,FALSE,FALSE,FALSE,TRUE,FALSE
40920,W,Pulaski (Forest Pk-bound),Pulaski (Blue Line),FALSE,FALSE,TRUE,FALSE,FALSE,FALSE,FALSE,FALSE,FALSE,FALSE
40920,E,Pulaski (O'Hare-bound),Pulaski (Blue Line),FALSE,FALSE,TRUE,FALSE,FALSE,FALSE,FALSE,FALSE,FALSE,FALSE
40030,E,Pulaski (63rd-bound),Pulaski (Green Line),TRUE,FALSE,FALSE,TRUE,FALSE,FALSE,FALSE,FALSE,FALSE,FALSE
40030,W,Pulaski (Harlem-bound),Pulaski (Green Line),TRUE,FALSE,FALSE,TRUE,FALSE,FALSE,FALSE,FALSE,FALSE,FALSE
40040,N,Quincy/Wells (Inner Loop),Quincy/Wells (Brown; Orange; Purple & Pink Lines),FALSE,FALSE,FALSE,FALSE,FALSE,FALSE,TRUE,FALSE,TRUE,TRUE
40040,S,Quincy/Wells (Outer Loop),Quincy/Wells (Brown; Orange; Purple & Pink Lines),FALSE,FALSE,FALSE,FALSE,TRUE,FALSE,FALSE,FALSE,FALSE,FALSE
40470,W,Racine (Forest Pk-bound),Racine (Blue Line),FALSE,FALSE,TRUE,FALSE,FALSE,FALSE,FALSE,FALSE,FALSE,FALSE
40470,E,Racine (O'Hare-bound),Racine (Blue Line),FALSE,FALSE,TRUE,FALSE,FALSE,FALSE,FALSE,FALSE,FALSE,FALSE
40200,N,Randolph/Wabash (Outer Loop),Randolph/Wabash (Brown; Green; Orange; Pink & Purple Lines),FALSE,FALSE,FALSE,TRUE,TRUE,FALSE,FALSE,FALSE,FALSE,FALSE
40200,S,Randolph/Wabash (Inner Loop),Randolph/Wabash (Brown; Green; Orange; Pink & Purple Lines),FALSE,FALSE,FALSE,TRUE,FALSE,FALSE,TRUE,FALSE,TRUE,TRUE
40610,W,Ridgeland (Harlem-bound),Ridgeland (Green Line),FALSE,FALSE,FALSE,TRUE,FALSE,FALSE,FALSE,FALSE,FALSE,FALSE
40610,E,Ridgeland (63rd-bound),Ridgeland (Green Line),FALSE,FALSE,FALSE,TRUE,FALSE,FALSE,FALSE,FALSE,FALSE,FALSE
41010,S,Rockwell (Loop-bound),Rockwell (Brown Line),TRUE,FALSE,FALSE,FALSE,TRUE,FALSE,FALSE,FALSE,FALSE,FALSE
41010,N,Rockwell (Kimball-bound),Rockwell (Brown Line),TRUE,FALSE,FALSE,FALSE,TRUE,FALSE,FALSE,FALSE,FALSE,FALSE
41400,S,Roosevelt (Midway-63rd-bound),Roosevelt (Red; Orange & Green Lines),TRUE,FALSE,FALSE,TRUE,FALSE,FALSE,FALSE,FALSE,FALSE,TRUE
41400,N,Roosevelt (Loop-Harlem-bound),Roosevelt (Red; Orange & Green Lines),TRUE,FALSE,FALSE,TRUE,FALSE,FALSE,FALSE,FALSE,FALSE,TRUE
41400,N,Roosevelt (Howard-bound),Roosevelt (Red; Orange & Green Lines),TRUE,TRUE,FALSE,FALSE,FALSE,FALSE,FALSE,FALSE,FALSE,FALSE
41400,S,Roosevelt (95th-bound),Roosevelt (Red; Orange & Green Lines),TRUE,TRUE,FALSE,FALSE,FALSE,FALSE,FALSE,FALSE,FALSE,FALSE
40820,N,Rosemont (O'Hare-bound),Rosemont (Blue Line),TRUE,FALSE,TRUE,FALSE,FALSE,FALSE,FALSE,FALSE,FALSE,FALSE
40820,S,Rosemont (Forest Pk-bound),Rosemont (Blue Line),TRUE,FALSE,TRUE,FALSE,FALSE,FALSE,FALSE,FALSE,FALSE,FALSE
40800,N,Sedgwick (Kimball-Linden-bound),Sedgwick (Brown & Purple Lines),TRUE,FALSE,FALSE,FALSE,TRUE,FALSE,TRUE,FALSE,FALSE,FALSE
40800,S,Sedgwick (Loop-bound),Sedgwick (Brown & Purple Lines),TRUE,FALSE,FALSE,FALSE,TRUE,FALSE,TRUE,FALSE,FALSE,FALSE
40080,S,Sheridan (95th-bound),Sheridan (Red Line),FALSE,TRUE,FALSE,FALSE,FALSE,FALSE,FALSE,FALSE,FALSE,FALSE
40080,N,Sheridan (Howard-bound),Sheridan (Red Line),FALSE,TRUE,FALSE,FALSE,FALSE,FALSE,FALSE,FALSE,FALSE,FALSE
40080,N,Sheridan (Howard-Linden-bound),Sheridan (Red Line),FALSE,FALSE,FALSE,FALSE,FALSE,FALSE,FALSE,FALSE,FALSE,FALSE
40080,S,Sheridan (Loop-bound),Sheridan (Red Line),FALSE,FALSE,FALSE,FALSE,FALSE,FALSE,FALSE,FALSE,FALSE,FALSE
40840,N,South Blvd (Linden-bound),South Boulevard (Purple Line),FALSE,FALSE,FALSE,FALSE,FALSE,TRUE,TRUE,FALSE,FALSE,FALSE
40840,S,South Blvd (Howard-Loop-bound),South Boulevard (Purple Line),FALSE,FALSE,FALSE,FALSE,FALSE,TRUE,TRUE,FALSE,FALSE,FALSE
40360,N,Southport (Kimball-bound),Southport (Brown Line),TRUE,FALSE,FALSE,FALSE,TRUE,FALSE,FALSE,FALSE,FALSE,FALSE
40360,S,Southport (Loop-bound),Southport (Brown Line),TRUE,FALSE,FALSE,FALSE,TRUE,FALSE,FALSE,FALSE,FALSE,FALSE
40190,N,Sox-35th (Howard-bound),Sox-35th (Red Line),TRUE,TRUE,FALSE,FALSE,FALSE,FALSE,FALSE,FALSE,FALSE,FALSE
40190,S,Sox-35th (95th-bound),Sox-35th (Red Line),TRUE,TRUE,FALSE,FALSE,FALSE,FALSE,FALSE,FALSE,FALSE,FALSE
40260,W,State/Lake (Outer Loop),State/Lake (Brown; Green; Orange; Pink & Purple Lines),FALSE,FALSE,FALSE,TRUE,TRUE,FALSE,FALSE,FALSE,FALSE,FALSE
40260,E,State/Lake (Inner Loop),State/Lake (Brown; Green; Orange; Pink & Purple Lines),FALSE,FALSE,FALSE,TRUE,FALSE,FALSE,TRUE,FALSE,TRUE,TRUE
40880,S,Thorndale (95th-bound),Thorndale (Red Line),FALSE,TRUE,FALSE,FALSE,FALSE,FALSE,FALSE,FALSE,FALSE,FALSE
40880,N,Thorndale (Howard-bound),Thorndale (Red Line),FALSE,TRUE,FALSE,FALSE,FALSE,FALSE,FALSE,FALSE,FALSE,FALSE
40350,W,UIC-Halsted (Forest Pk-bound),UIC-Halsted (Blue Line),TRUE,FALSE,TRUE,FALSE,FALSE,FALSE,FALSE,FALSE,FALSE,FALSE
40350,E,UIC-Halsted (O'Hare-bound),UIC-Halsted (Blue Line),TRUE,FALSE,TRUE,FALSE,FALSE,FALSE,FALSE,FALSE,FALSE,FALSE
40370,S,Washington (Forest Pk-bound),Washington (Blue Line),FALSE,FALSE,TRUE,FALSE,FALSE,FALSE,FALSE,FALSE,FALSE,FALSE
40370,N,Washington (O'Hare-bound),Washington (Blue Line),FALSE,FALSE,TRUE,FALSE,FALSE,FALSE,FALSE,FALSE,FALSE,FALSE
40730,N,Washington/Wells (Inner Loop),Washington/Wells (Brown; Orange; Purple & Pink Lines),TRUE,FALSE,FALSE,FALSE,FALSE,FALSE,TRUE,FALSE,TRUE,TRUE
40730,S,Washington/Wells (Outer Loop),Washington/Wells (Brown; Orange; Purple & Pink Lines),TRUE,FALSE,FALSE,FALSE,TRUE,FALSE,FALSE,FALSE,FALSE,FALSE
41210,N,Wellington (Kimball-Linden-bound),Wellington (Brown & Purple Lines),TRUE,FALSE,FALSE,FALSE,TRUE,FALSE,TRUE,FALSE,FALSE,FALSE
41210,S,Wellington (Loop-bound),Wellington (Brown & Purple Lines),TRUE,FALSE,FALSE,FALSE,TRUE,FALSE,TRUE,FALSE,FALSE,FALSE
40670,N,Western (O'Hare Branch) (O'Hare-bound),Western (Blue Line - O'Hare Branch),TRUE,FALSE,TRUE,FALSE,FALSE,FALSE,FALSE,FALSE,FALSE,FALSE
41480,S,Western (Loop-bound),Western (Brown Line),TRUE,FALSE,FALSE,FALSE,TRUE,FALSE,FALSE,FALSE,FALSE,FALSE
41480,N,Western (Kimball-bound),Western (Brown Line),TRUE,FALSE,FALSE,FALSE,TRUE,FALSE,FALSE,FALSE,FALSE,FALSE
40740,E,Western (Loop-bound),Western (Pink Line),TRUE,FALSE,FALSE,FALSE,FALSE,FALSE,FALSE,FALSE,TRUE,FALSE
40740,W,Western (54th/Cermak-bound),Western (Pink Line),TRUE,FALSE,FALSE,FALSE,FALSE,FALSE,FALSE,FALSE,TRUE,FALSE
40310,S,Western (Midway-bound),Western (Orange Line),TRUE,FALSE,FALSE,FALSE,FALSE,FALSE,FALSE,FALSE,FALSE,TRUE
40310,N,Western (Loop-bound),Western (Orange Line),TRUE,FALSE,FALSE,FALSE,FALSE,FALSE,FALSE,FALSE,FALSE,TRUE
40670,S,Western (O'Hare Branch) (Forest Pk-bound),Western (Blue Line - O'Hare Branch),TRUE,FALSE,TRUE,FALSE,FALSE,FALSE,FALSE,FALSE,FALSE,FALSE
40220,E,Western (Forest Pk Branch) (O'Hare-bound),Western (Blue Line - Forest Park Branch),FALSE,FALSE,TRUE,FALSE,FALSE,FALSE,FALSE,FALSE,FALSE,FALSE
40220,W,Western (Forest Pk Branch) (Forest Pk-bound),Western (Blue Line - Forest Park Branch),FALSE,FALSE,TRUE,FALSE,FALSE,FALSE,FALSE,FALSE,FALSE,FALSE
40540,S,Wilson (95th-bound),Wilson (Red Line),FALSE,TRUE,FALSE,FALSE,FALSE,FALSE,FALSE,FALSE,FALSE,FALSE
40540,N,Wilson (Howard-bound),Wilson (Red Line),FALSE,TRUE,FALSE,FALSE,FALSE,FALSE,FALSE,FALSE,FALSE,FALSE
